jawa,indonesia
aba-aba (ta),"aba-aba, perintah"
abab (ta),hawa mulut
abang (ts),merah
abar (tk),menguap (zat cair)
ables (tk),melesak
abrit ; abrit (ts),merah
abuh (ts),bengkak
abyor (ts),bertebaran memenuhi (mis. bintang bertebaran memenuhi langit)
acung (tk),menunjuk ke atas/ unjuk jari
ada-ada (ta),inisiatif
adang (tk),menanak nasi
adas (ta),nama tanaman
adhang (tk),menunggu di tempat yang akan dilewati
adhem (ts),dingin
adhep (tk),hadap
adhi (ta),adik
adi (ts),bernilai tinggi; mempunyai kelebihan
adil (ts),adil
adoh (tkr),jauh
adol (tk),menjual
adu (tk),adu
adus (tk),mandi
agama (ta),besar; agung
agem (tk),pakai
ageman (ta),pakaian
ageng (ts),besar
agni (ta),api
agul-agul (ta),andalan; jagoan
agung (ta),api
aja (tpw),jangan
ajag (ta),anjing hutan
ajak (ts),ajak
ajang (ta),wadah
ajar (tk),"ajar, belajar"
ajeg (tkr),tetap
ajeng (tsb),akan
aji (ta),nilai; harga
ajur (ts),hancur
akas (tkr),alon
akas (ts),"perai, keras (untuk nasi)"
ala (ts),buruk
alangan (ta),halangan
alas (ta),hutan
alem (tk),puji
aleman (ts),manja
alesan (ta),alasan
aling-aling (tk),bersembunyi di balik
alis (ta),alis
alok (tk),berkata
alu (ta),antan
alum (ts),layu
alun-alun (ta),lapangan di tengah kota
alus (ts),halus
aluwung (tpb),lebih baik
ama (ta),hama
aman (ts),aman
amarga (tpy),karena
amargi; amargi (tpy),karena
amba (ts),lebar/luas
ambah (tk),jejak/jelajah/datangi
ambal (tk),ulang
ambar (tk),tersebar (untuk bau harum)
ambeg (ts),berwatak
amb�n (ta),balai-balai
amb�r (tkr),meluap (air)
ambet; ambet (ta),bau
amblas (tk),lenyap seketika
ambrol (tk),runtuh
ambruk (tk),tumbang/roboh
ambu (ta),bau
ambung (tk),cium
ambus (tk),endus
ambyuk (tk),menjatuhkan diri
ambyur (tk),mencemplungkan diri ke dalam air
am�k (tk),mencari
amem (ts),melempem
amem (ts),sunyi
amis (ts),anyir
ampak-ampak (ta),kepulan debu
ampas (ta),ampas
ampek (tkr),sulit bernafas; sesak (untuk dada)
ampil; ampil (tk),pinjam
amping-amping (tk),berlindung di balik sesuatu
ampo (ta),nama jajanan terbuat dari tanah jenis tertentu
amrih (tpy),"agar, supaya"
anak (ta),anak
ancang-ancang (ta),"persiapan, mengambil kuda-kuda"
ancas (ta),tujuan
ancer-ancer (ta),prakiraan; ancar-ancar
ancik (tk),menginjak
ancur (ta),air raksa
anda (ta),tangga
andaka (ta),banteng
andhang (ta),tangga kayu berkaki empat
andhap (ta),bagian bawah/rendah
andheng-andheng (ta),tahi lalat
andhong (ta),sejenis kereta kuda
andika (tg),anda
andum (tk),berbagi
"an�h (ts, tkr)",aneh
an�m (ts),muda
angen-angen (ta),pemikiran/ingatan
anget (ts),hangat
angga (ta),tubuh
anggak (ts),sombong
anggara (tg),selasa
"anggarbini (tk, ts)",hamil
anggep (tk),anggap
angger (tsb),asalkan
angger-angger (ta),peraturan
anggon (tk),tempat
anggur (ta),anggur
angin (ta),angin
angin-angin (tk),mencari udara
angkah (ta),maksud
angkara (ta),angkara
angker (ts),angker
angler (tkr),nyenyak
angluh (tkr),dengan penuh rasa tidak berdaya mengahadapi situasi yang ada
angon (tk),mengembala
angop (tk),menguap
angsal (tk),dapat
angsl� (ta),nama minuman
angslup (tk),tenggelam
angur (tsb),masih lebih baik
angus (ta),angus
anjlok (tk),turun tiba-tiba
anjok (tpr),tiba di
anom (ts),muda
antawecana (ta),"Penggambaran sinopsis cerita, adegan, tokoh pagelaran wayangyang disampaikan oleh dalang dengan cara dilagukan"
antem (tk),pukul/hantam
"anteng (tk,ts)",tenang
antop (tk),bersendawa
antuk (tk),dapat
anyang (tk),tawar (harga)
anyang-anyangen (ts),merasa seperti ingin kencing
anyar (ts),baru
anyel (ts),jengkel
anyep (ts),dingin (tubuh atau bagian tubuh)
anyep (ts),tawar
anyes (ts),dingin (benda)
apa (tg),apa
apal (ts)),hafal
apek (ts),bau tidak sedap yang berasal dari barang usang atau kamar yang lama tertutup
apem (ta),apam
apes (tk),sial
api-api (tk),pura-pura
apik (ts),baik
apu (ta),kapur sirih;
apura (ta),maaf
apus (ta),sejenis bambu
apus (tk),bohong
ara-ara (ta),padang
arah (ta),arah
aran (ta),nama
arang (tkr),jarang
arang-arang (ts),jarang
aren (ta),enau
areng (ta),arang
arep (tsb),hendak
arga (ta),gunung
ari (tg),adik
ari-ari (ta),tali pusat
aris (tkr),lugas
arit (ta),sabit
arsa (tkr),akan ; depan
arta (ta),uang
aruh-aruh (tk),menyapa
arus (ts),anyir
arwah (ta),arwah
asah (tk),asah
asal (ta),asal
asat (ts),"habis airnya (untuk sungai, danau, dsb.)"
asem (ta),asam (buah)
asih (ta),kasih
asin (ts),asin
asma (ta),nama
asmara (ta),asmara
asmarandana (tg),nama metrum macapat
asor (tkr),kalah
asor (ts),nista
asrep; asrep (ts),dingin
asrep; asrep (ts),dingin
asri (ts),menyenangkan untuk dipandang
asta (ta),tangan
asta (tk),bawa
asu (ta),anjing
asung (tk),menghaturkan
ati (ta),hati
ati-ati (tkr),hati-hati
atis (ts),"dingin (untuk hawa, udara)"
atos (ts),keras
atur (tk),atur
aturi (tk),beri; persilakan
atus (ts),tidak lagi mengandung air
awak (ta),"badan, tubuh"
"awan (ta, tk)",siang
awang (tk),berhitung tanpa alat bantu
awang-awang (ta),langit bebas
awas (tpw),awas
awas (ts),tajam (pengelihatan)
aw�h (tk),beri
aw�t (ts),tidak cepat rusak
awis ; awis (tkr),mahal
awis-awis; awis-awis (ts),jarang
awit (tpy),karena
awoh (tk),berbuah
awon awon (ts),jelek/buruk
"awor (tk, tkt)",bercampur dengan
awrat (tk),berat
awu (ta),abu
awur (tk),sebar
"awur (tk, tkt)",asal-asalan
awut (tk),membuat berantakan
ayahan (ta),kewajiban
ayam; ayam (ta),ayam
ayem (ts),tentram (hati)
ayo (tpw),ayo
ayom (tk),perlindungan
ayu (ts),cantik
aywa (tpw),jangan
bab (ta),"bab, hal, mengenai"
babad (ta),cerita sejarah
babagan (tsb),tentang
babak-bundhas (ts),babak-belur
babal (ta),putik buah nangka
babar (ts),menjadi banyak
babaran (tk),bersalin
babat (ta),bagian dalam usus sapi
babat (tk),tebang
babit (tk),mengayunkan benda dengan menahan ujungnya
babon (ta),induk ayam
babu (ta),perempuan pembantu
babut (ta),permadani
bacem (tk),peram; dimasak dengan bumbu tertentu
bacin (ts),bau bangkai
bacut (tk),lanjut
badan (ta),diri
badh� (tk),tebak
badh�; badhe (tsb),akan
badheg (ts),bau busuk
badh�k (ta),air tapai
badhug (ta),tembok rendah untuk meletakkan sesuatu
bagaskara (ta),matahari
bagus (ts),tampan
bahu (ta),bahu; tenaga
bahureksa (ta),penguasa
bajang (ts),kerdil
bajing (ta),tupai
bajul (ta),buaya
bakal (ta),bahan pakaian
bakal (tsb),akan
bakar (tk),bakar
bakda (tkr),setelah
bakul (ta),pedagang
balang (tk),lempar
bal� (ta),rumah/bangunan
bal�n (tk),rujuk
bali (tk),pulang
balung (ta),tulang
banaspati (ta),hantu berbentuk api
banda (tk),mengikat kedua tangan ke belakang
bandan (ta),tawanan
bandar (ta),"agen besar, cukong"
bandar (ta),pelabuhan
bandayuda (tk),berperang
bandha (ta),harta
bandhul (ta),bandul
banger (ts),bau busuk (misalnya dari air keruh)
banget (tkr),sangat
bangga (tk),meronta
bangir (ts),mancung
bangka (tk),mati (kasar)
bangk� (ta),bangkai
bangk�kan (ta),pinggang
bangk�lan (ta),buntalan besar
bangku (ta),bangku
bangsa (ta),bangsa
banon (ta),batu bata
bantah (ta),bantah
bantal (ta),bantal
bantala (ta),tanah
banting (tk),banting
banyak (ts),angsa
banyu (ta),air
bapa (tg),bapa/ayah
bapang (ta),parit/ genangan air
bar (tkr),selesai
barang (ta),barang
barang (ta),pertunjukan kesenian berkeliling
barat (ta),angin
barep (ts),sulung
bar�s (ts),terus terang
baris (tk),baris
baruna (tg),dewa lautan
barung (ts),besar; utama
baskara (ta),matahari
bata (ta),bata
batang (tk),tebak
bathang (ta),bangkai
bathara (tsd),sebutan untuk dewa
bathari (tsd),sebutan untuk dewi
bathi (ta),keuntungan
bathok (ta),tempurung
bathuk (ta),dahi
batih (ta),keluarga
baut (ts),pintar; trampil
bawa (ta),pembukaan gending
bawang (ta),bawang
bawang lanang (ta),bawang berumbi tunggal
baw�l (ts),nyinyir
baw�ra (ts),subur (untuk lahan)
bawuk,kelamin perempuan
baya (ta),buaya
bayan (ta),petugas keamanan desa
bayar (tk),bayar
bayem (ta),bayam
bay�n (tk),melahirkan
bayi (ta),bayi
bayu (ta),angin
bebana (ta),permintaan sebagai syarat
bebandan (ta),tawanan
bebasan (tsb),seperti; layaknya
bebaya (ta),bahaya
bebayu (ta),otot
bebed (ta),kain panjang yang dipakai pria
bebedhag (tk),berburu
b�b�k (ta),itik
bebendhu (ta),hukuman
bebrayan (tk),berkeluarga
bebucal; bebucal (tk),berhajat besar
bebudhen (ta),kepribadian
bebungah (ta),hadiah
bebuwang (tk),berhajat besar
becik (ts),baik
becus (ts),mampu
b�da (tk),goda
b�da (ts),berbeda
bedaya (ta),tarian sakral yang menjadi ciri khas keraton
b�dhah (ts),terbuka paksa
bedhidhing (ta),udara dingin di musim kemarau
bedhigasan (ts),tingkahnya tidak karuan; tidak bisa diam
begawan (ta),pendeta
begundhal (ta),kaki-tangan
beja (ts),beruntung
bejat (ts),rusak
b�ka (tk),meronta
bekasakan (ta),hantu hutan
beksa (ta),tari
beksan (ta),tarian
bekti (ta),bakti
"belang (ta, ts)",belang
b�l�k (ta),kotoran mata
bel�k (tk),iris sepanjang garis tengah
belik (ta),sumber air
beling (ta),kaca
"bena (ta, ts)",banjir
bendara (ta),majikan
bendha (ta),nama pohon
bendh� (ta),gong kecil
bendhel (ta),ikatan
bendho (ta),alat pemotong (sejenis celurit)
bendhol (ta),bengkak
bener (tkr),benar
bengawan (ta),sungai
bengep (ts),sembab
bengi (ta),malam
bengkok (ta),tanah yang hak garapnya diberikan kepada lurah sebagai bagian dari fasilitas jabatan
benik (ta),kancing baju
bening (ts),jernih
benjut (ts),menjadi empuk karena tekanan/hantaman
beras (ta),beras
b�r�ng (ta),luka di sudut bibir
ber�t (ts),tergores
besar (ta),nama bulan dalam kalender jawa
b�s�r (ts),sebentar-sebentar kencing
bes�t (ts),sayat
besmi (tk),bakar
besus (ts),pandai; trampil
beta (tk),bawa
betah (tkr),betah; enggan pergi
betah; betah (tk),butuh
beth�k (ta),pintu pagar
beton (ta),biji nangka
beya (ta),biaya
binarung (tkr),seiring; diiringi
bingar (ts),ceria
binggel (ta),gelang kaki
bingget (ta),tanda dikulit akbiat jepitan atau lilitan yang ketat
biy�n (tkr),dahulu
blaka (tk),berterus terang
blalak-blalak (ts),membeliak; besar (untuk mata)
blanak (ta),jenis ikan
blarak (ta),daun kelapa kering
blat�r (ts),ramah; mudah bergaul
bledh�g (ta),guntur
bledh�h (tk),terbuka kancingnya (untuk baju)
bl�dru (tkr),salah pilih/tertukar karena mirip
bl�ncong (ta),lampu minyak untuk penerangan dalam pagelaran wayang kulit
bl�ndrang (ta),sisa masakan bersantan yeng sudah dipanaskan berkali-kali
blereng (ts),tidak nampak jelas; kabur
blesek (tk),membenamkan ke dalam tumpukan
blirik (ts),"berbintik kecil  (mis. panci, ayam)"
bloloken (tkr),silau
blondho (ta),endapan yang dihasilkan dalam pembuatan minyak kelapa
blorok (ts),bulunya berbintik hitam putih (untuk ayam betina)
bluluk (ta),buah kelapa yang masih sebesar telur
bocah (ta),anak
bodho (ts),bodoh
bodong (ts),pusar yang menonjol keluar
boga (ta),pangan
bojo (ta),suami/isteri
bokong (ta),pantat
bokor (ta),mangkuk besar
bolong (ts),berlubang
bolot (ta),daki
bonang (ta),"alat musik pukul, bagian dari gamelan"
bong (ta),makam Cina
bong (ta),tukang khitan
bong (tk),bakar
borok (ta),luka lama
boyong (tk),pindah
brabak (tk),berubah merah (wajah)
brahala (ta),raksasa sebesar gunung
brahmana (ta),pendeta
"bramantya (ts, ta)","marah, kemarahan"
brambang (ta),bawang merah
brangasn (ts),mudah marah
branta (ta),asmara
brastha (tk),berantas
br�wok (ta),bercambang
brindhil (ts),habis jarena dicabuti
brobos (tk),masuk melalui celah atau kolong
brodhol (ts),terlepas ikatannya
brojol (tk),keluar sebelum waktunya; keluar dari bungkusan
brongkos (tg),nama masakan
brudhul (tk),keluar berama-ramai/berbarengan
brukut (ts),terbungkus rapat
brutu (ta),tunggir ayam
bubar (ts),bubar; selesai
bubul (ta),semacam bisul di telapak kaki
bubur (ta),bubur
bubut (tk),mencabuti
buda (tg),rabu
budeg (ts),tuli
budeng (tg),kera hitam
bujana (ta),hidangan
bujel (ts),tumpul
bulak (ta),daerah terbuka/ padang
bulak (ts),pudar warnanya
bulan (ta),bulan
bumbu (ta),bumbu; rempah-rempah
bumbung (ta),tempat berbentuk pipa besar atau terbuat dari bambu
bumpet (ts),tersumbat
bunder (ts),bundar
bundhas (ts),melecet (cedera)
bundhel (ts),ujungnya membulat
bundhet (ts),diberi ikatan mati pada ujungnya (mis. benang)
bung (ta),rebung
bungah (ts),gembira
bungkem (tk),diam; tidak mau mengatakan apa-apa
bungkik (ts),kerdil
bungkil (ta),ampas minyak kacang
bungkus (ta),bungkus
bungur (tg),nama tanaman
buntel (tk),bungkus
buntet (ts),buntu; tidak berongga
buntil (ta),"masakan terbuat dari kelapa muda, ikan teri dan daun keladi sebagai pembungkus"
buntu (ts),buntu
buntung (tsa),hilang/patah bagian ujungnya
burek (ts),legap
bureng (ts),tidak jelas terlihat
buri (tkr),belakang
burik (ts),bopeng
buru (tk),kejar
buruh (ta),bekerja untuk orang lain
busana (ta),pakaian
busana (tk),berpakaian
buthak (ts),botak
buthuk (ts),membusuk (untuk ikan)
buwang (tk),buang
buyut (ta),cicit
buyuten (ts),bagian tubuhnya bergerak-gerak tidak terkendali karena ketuaan
cabar (ts),kehilangan arti
cab� (ta),nama rempah untuk jamu
cacat (ts),cacat
cadhong (tk),menadahkan tangan
cagak (ta),tongkat/penyangga
cakepan (ta),lirik lagu
cakot (tk),gigit
cakra (ta),senjata dalam pewayangan; lingkaran
cambah (ta),tauge
campur (tk),campur
candala (ts),jahat
candhik kala (ta),semburat merah di langit pada saat senja hari
candra (ta),bulan
candra (ta),kiasan
candramawa (ta),kucing hitam
cangkem (ta),mulut
cangking (tk),jinjing
cangkir (ta),cangkir
cangklong (ta),pipa
cangklong (tk),menyandang di bahu (mis. tas)
canthas (ts),bicaranya lantang (untuk wanita)
canth�l (ta),sejenis jagung
cantheng (ta),"radang di jari, umumnya di ibu jari kaki akibat tertusuk kuku"
canthing (ta),alat untuk membatik
canthol (tk),cantol
cantrik (tg),murid padepokan
capil (ta),"topi petani, bentuknya bulat  berujung runcing"
caping (ta),"topi petani, bentuknya bulat  berujung runcing"
caplak (ta),penyakit kulit
caplok (tk),memasukkan semua ke dalam mulut
cara (ta),cara
caraka (ta),utusan
carang (ta),ranting
carita (ta),cerita
carup (tk),raup
cath�k (tk),gigit (anjing)
cathet (tk),catat
catur (ts),empat
caturan (tk),bercakap-cakap
cawang (ta),tanda V
caw�-caw� (tk),"turun tangan, ikut campur"
cawet (ta),celana dalam
cawik (tk),cebok
cawis (tk),sedia
cawuk (tk),mengambil dengan cara menyendokkan tangan
cecak (ta),cicak
cedhak (ts),dekat
c�dhal (ts),cadel; tidak bisa mengucapkan bunyi tertentu dengan benar
cegat (tk),hadang
cekak (ts),tidak mencukupi; ukurannya tidak memadai; pendek sekali
cekakakan (tk),tertawa-tawa dengan keras
cekakik (ta),ampas kopi (sisa setelah diminum)
cekel (tk),pegang
c�k�r (ta),kaki unggas
celak (ta),penegas garis tepi mata
celak (ta),penegas garis tepi mata
celak (ts),dekat
celempung (ta),alat musik bagian dari gamelan
celuk (tk),panggil
cemani (ts),hitam
cemawis (ts),tersedia
cem�ng (ta),anak kucing
cemeng (ta),hitam
cem�t (ts),pipih karena tertimpa/tertekan beban berat
cemplang (ts),"tidak sedap/ kurang pas (mis. nada, rasa)"
cemplung (tk),masuk (dalam cairan)
cendhak (ts),pendek
cengkir (ta),"buah kelapa yang masih sebesar kepalan, belum berdaging buah"
cepak (ts),"tersedia, siap"
cepak-cepak (tk),siap-siap
cepeng; cepeng    ( (tk),pegang
ceplus (tk),gigit (untuk cabai)
cepuk (ta),"wadah kecil, biasanya untuk menyimpan perhiasan"
cerek (ta),"tanda bunyi ""re"" pada aksara Jawa"
c�r�t (ta),cerek
ceriwis (ts),banyak bicara
cetha (tkr),jelas
ceth�k (tk),dangkal
cethik (tk),menyalakan (api)
cethil (ts),pelit
c�thok (ta),sendok semen
cethot (tk),cubit besar
cicil (tk),angsur
cicip (tk),merasai
cidra (tk),curi; culik
cidra (tk),tidak menepati janji
cilaka (ts),celaka
cilik (ts),kecil
cingak (ts),terkejut karena heran
clim�n (tkr),kecil-kecilan
clingus (ts),"pemalu, tidak percaya diri"
clom�tan (tk),berteriak tak beraturan/bersahutan
cluluk (tk),tiba-tiba berkata
cluluk (tk),tiba-tiba berkata
cluthak (ts),"suka mencuri makanan (untuk hewan, terutama kucing)"
cocot (ta),mulut (kasar)
colok (ta),penerangan/ obor
colong (tK),curi
congor (ta),hidung binatang berkaki empat
conth�ng (ta),coret silang
coplok (tkr),tanggal
copot (ta),tanggal/cabut
coro (ta),kecoa
cotho (ts),repot karena ditinggalkan; kehilangan andalan
crah (tkr),bercerai; saling bermusuhan
cubles (tk),menusuk dengan benda runcing
cubluk (ts),bodoh
cucakrawa (ta),nama burung
cucuk (ta),paruh
culek (tk),mencolok mata
culik (tk),culik
culik (tk),mengambil sebagian nasi yang sedang dimasak
cundrik (ta),keris kecil
cunduk (ta),tusuk
cungkup (ta),atap makam
cupet (ts),terbatas
cupu (ta),"wadah kecil, biasanya untuk menyimpan perhiasan"
curek (ta),kotoran telinga
cures (ts),habis/tertumpas
curut (ta),tikus bermoncong runcing
cuthik (ta),tongkat penunjuk/ potongan dahan
cuwa (ts),kecewa
cuwil (tk),mengambil sebagian kecil
cuwil (tkr),terkoyak/terpotong /pecah  sedikit di bagian tepi
dadak (ta),"harus, terpaksa"
dadakan (ta),pemicu timbulnya permasalahan
dadakan (tkr),tanpa rencana
dadar (ta),makanan/ telor digoreng melebar tipis
dad�n-dad�n (ts),jadi-jadian
dadi (ts),jadi
dados; dados (ts),jadi
dagang (tk),berdagang
dahana (ta),api
dahuru (ta),huru-hara
dahw�n (ta),suka mencerca
dalah  (tpy),dan; bersama dengan
dalan  (ta),jalan
dalem  (ta),rumah
"dalu; dalu (ta, tkr)",malam
damar  (ta),lak
damar (ta),pelita
dam�n (ta),barang padi
dami (ta),jerami nangka
damu (tk),tiup
danawa,raksasa
dandan (tk),bersolek/ merias diri
dandan-dandan (tk),memperbaiki bangunan (rumah dsb.)
dandang (ta),periuk nasi
dandos; dandos (tk),perbaiki
dapur,wajah; dapur
dara (ta),burung dara
dara (ts),betina muda (untuk ayam)
darb� (tk),"milik, mempunyai"
darma (ta),"darma, kewajiban dalam hidup"
dasa (tw),puluh
dawa (ts),panjang
dawet (ta),cendol
daya (ta),daya
daya-daya (tkr),bersegera
d�d� (tkr),bukan
degan (ta),kelapa muda
deling (ta),bambu
dem�k (tk),pegang
d�n� (tpy),sedangkan
dengkul (ta),lutut
d�sa (ta),desa
d�wa (ta),dewa
dhadha,mengakui kesalahan
dhadha (ta),dada
dhadhak (ta),getah
dhadhakmerak (ta),pemain dalam kesenian reog yang memakai hiasan bulu merak di kepalanya
dhadhal (ts),runtuh terbawa arus air
dhadhu (ta),dadu
dhadhung (ta),tali
dhagelan (ta),lawak
dhalang (ta),dalang
dhangka (ta),tempat asal
dhawah; dhawah (tk),jatuh
dhawuh (ta; tk),ucapan; perintah; memerintahkan
dhayoh (ta),tamu
dh�dh� (tkr),berjemur
dh�dh�l (ts),terlepas jahitannya
dh�dh�s (ta),bau harum yang keluar dari tubuh musang
dhedhes (tk),mendesak seseorang dengan pertanyaan agar ybs mengaku/ membuka rahasia
dhemen (tk),suka
dh�mp�t (ts),melekat/rapat
dh�ndh�ng (ta),daging dikeringkan dengan bumbu tertentu
dh�w� (tkr),sendiri; sendirian
dhidhis (tk),mencari kutu di kepala sendiril
dhingklang (ts),pincang
dhingkluk (tk),tunduk/menghadak ke bawah
dhodhog (tk),ketuk pintu
dhodhos (tk),lubangi dari bawah
dhompol (tw),untaian dalam 1 tangkai  (untuk buah)
dhondhong (ta),nama buah
dhongkol (ta),mantan pejabat
dhoyong (ts),miring
dhudha (ta),duda
dhupak (tk),tendang menggunakan tumit
dhuwit (ta),uang
dhuwur (ts),tinggi
dingklik (ta),bangku kecil
disik (tkr),terlebih dulu
dluwang (ta),kertas
dolan (tk),bertandang
"dolanan (ta, tk)","bermain, mainan, permainan"
donga (ta),doa
dora (tkr),tidak terus terang
dosa (ta),dosa
dr�ng�s (ta),bunga sirih
driji (ta),jari
dubang (ta),ludah merah/ ludah orang yang makan sirih
duduh (ta),kuah
duduh (tk),beritahu
dugang (tk),tendang dengan lutut
dulit (tk),colek
dulur (ta),saudara
dumuk (tk),sentuh
dumunung (tk),berada; bertempat
dunung (ta),tempat
duratmaka (ta),pencuri
duren (ta),durian
durung (tkr),belum
dustha (tk),curi
duwa (tk),"tentang, lawan, tidak menyetujui"
dwi (tw),dua
�ca; �ca (ts),enak
�dan (ts),gila
eden (tk),ejan
�dhum (ts),terlindung dari sinar matahari
�di (ts),indah
�ka (tw),satu
elar (ta),bulu unggas
�l�k (ts),jelek
"�ling (tk, ts)","ingat, sadar"
�lok (tkr),"aneh, ajaib"
eluk (tk),tekuk
�man (tk),sayang kalau hilang atau rusak
embah (ta),nenek/kakek
embuh (tpw),entah
emoh (tk),tidak mau
emplok (tk),memasukkan ke mulut
empuk (ts),lembut
emut (tk),kulum
�mut ; �mut (tk),ingat
enak (ts),enak
�nc�r (ts),cair
�ndah (ts),indah
endas (ta),kepala binatang
�ndha (tk),berkelit
�ndhang (ta),gadis padepokan
�ndhang (tk),jenguk
endi (tg),mana
endog (ta),telur
enek (ts),mual
enem (tw),enam
enep (tk),endap
ener (ta),arah
�nggal (tkr),cepat
�nggal (ts),baru
�nggar (tk),hibur
engg�l�k (tkr),bangkit secara tiba-tiba
�nggok (tk),belok
enggon (ta),tempat
"enjing; enjing (ta, tkr)",pagi
entas (tk),"angkat, ambil"
ent�k (ts),habis
ent�n (tk),tunggu
ent�n-ent�n (ta),isi jajanan terbuat dari partan kelapa dimasak dengan gula merah
�nth�ng (ts),ringan
�nthong (ta),sendok nasi
�ntuk (tk),"dapat, boleh"
entup (ta),sengat
entut (ta),kentut
enyang,tawar (harga)
epang (ta),dahan
erah (tk),ambil
�ram (tk),heran
eri (ta),duri
esthi (tk),latih; pelajari
estu (tkr),"sungguh, jadi"
"esuk (ta, tkr)",pagi
�thok-�thok (tk),pura-pura
�wa (ts),kecewa
�wad�n�  (tpy),walaupun demikian
�wah (tk),ubah; berubah
�wuh (tk),rikuh; serba salah
�yang (ta),terlindung dari sinar matahari atau hujan
�yup (ts),terlindung dari sinar matahari atau hujan
gabah (ta),padi yang telah terlepas dari tangkainya
gada (ta),gada; senjata pemukul
gadhah (tk),mempunyai
gagah (ts),gagah
gagak (ta),burung pemakan bangkai
gagang (ta),tangkai
gagas (tk),pikir
gagasan (ta),pemikiran
gag� (tkr),cepat
gajah (ta),gajah
gajih (ta),lemak jenuh
galak (ts),galak
galar (ta),batang bambu; alas kasur
galengan (ta),jalur pembatas petak sawah
galih (tk),merasakan dalam hati
gaman (ta),senjata
gambang (ta),"alat musik pukul, bagian dari gamelan"
gambar (ta),gambar
gambas (ta),petola
gambir (ta),buah pinang yang sudah diolah
gambir anom (ta),nama tarian ksatria
gambyong (ta),nama tarian untuk menyambut tamu
gamel (tg),tukang merawat kuda
gamelan (ta),alat musik Jawa
gampang,senang/mudah
gampil (ts),gampang
gamping (ta),kapur tembok
ganda (ta),bau
gandarwa (ta),hantu besar hitam
gandheng (ts),gandeng
gandhes (ts),luwes
gandhol (tkr),bergantung  pada sesuatu
gandhul (tkr),tergantung (untuk benda yang berat)
ganep (ts),gebap
gangsal (tw),lima
gangsar (tkr),lancar
ganjar  (tk),ganjar
ganjaran (ta),hadiah
ganjil (ts),ganjil
gantung (tk),gantung
gaplek (ta),singkong yang dikeringkan
gapuk (ts),rapuh dimakan usia (untuk kayu)
gapyuk (tkr),tidak sengaja bertemu berhadapan
garan (ta),gagang
garing (ts),kering
garu (ta; tk),alat penggaruk tanah; menggaruk tanah
garudha (ta),"garuda, nama burung dalam mitos Jawa"
garwa (ta),suami/istri
gasik (tkr),awal
gatel (ts),gatal
gathot (ta),makanan dari gaplek
gawan (ta),bawaan
gawang-gawang (tk),terbayang
gawat (ts),gawat
gaw� (tk),buat
gayuh (tk),capai
geber (tk),layar penutup panggung
"gebug (tk, ta)",hantam badan dengan benda keras; pemukul besar
gedhang (ta),pisang
gedh� (ts),besar
gegana (ta),angkasa
gegayuhan (ta),keinginan/cita-cita
gegedhug (ta),"pimpinan (untuk kelompok penjahat, pembuat onar)"
geger (ta),punggung
g�g�r (tkr),riuh
gela (ts),kecewa
gelak (tk),percepat
gelang (ta),gelang
gelar (tk),bentang (tikar)
gelas (ta),gelas
gelem (tk),mau
gelis (tkr),cepat
gemak (ta),burung puyuh
gemang (tk),tidak mau
gembili (ta),sejenis ubi/talas
gemblak (ta),anak lelaki yang dijadikan kekasih seorang lelaki
gemblung (ts),tidak normal pikirannya
gembok (ta),gembok
gembor (ta),alat untuk menyiram tanaman
gemes (tk),gemas
gemlethak (ts),bergeletakan
gemlundung (tk),bergelundungan
gemr�gah (tk),bangkit seketika
gemrubug (tkr),menderu (suara angin)
gemrudug (tkr),pergi/datangnya dalam jumlah besar
gemuk (ta),lemak; pelumas
genah (ts),jelas
gend�r (ta),nama alat musik pukul
gendhakan (ta),wanita simpanan
gendh�ng (ts),atap seng
gendheng (ts),gila
gendhing (ta),musik Jawa
gendhuk (tg),panggilan untuk anak perempuan
gendruwo (ta),hantu besar hitam
gendul (ta),botol
geni (ta),api
g�nj�r (ta),nama sayuran
genjot (tk),genjot
g�nt�r (ta),galah
genth�ng (ts),genteng
genthong (ta),tempayan
genuk (ta),tempayan kecil
g�p�ng (ts),pipih
geplak (ta),nama jajanan terbuat dari kelapa parut dan gula
gepuk (tk),pukul
gerah (ts),sakit
gerang (ts),dewasa
ger�h (ta),ikan asin
gering (ts),sakit
germo (ta),mucikari
gero-gero (tk),menangis melolong-lolong
g�s�h (ts),berbeda; tidak pas
geseng (ts),hitam
getak (tk),hardik
getap (ts),cepat bertindak/bereaksi
getas (ts),retas; mudah patah
g�th�k (ta),rakit
gething (tk),benci
gethuk (ta),singkong rebus tumbuk
getih (ta),darah
getir  (ts),rasa antara pahit menusuk
getun (ts),menyesal
gila (ts),jijik
gilig (ts),tidak pipih
ginanjar (tk),diberi hadiah/ganjaran
giris (ts),ngeri
githok (ta),belakang leher
glangsaran (tkr),jatuh terkapar
glathik (ta),burung gelatik
glenik (tk),bujuk
glethak (tk),terletak
glindhing (tk),menggelinding; bergulir
gludhug (ta),guruh
glundhung (tk),menggelinding; terguling
gobang (ta),uang logam
goc�k (tk),berpegang
godhag (ts),mampu berbuat
"godhog (ts, tk)",rebus
godhong (ta),daun
gogor  (ta),anak harimau
gombak (ta),surai kuda
gombal (ta),kain usang
gondhal-gandhul (ts),berayun-ayun (untuk benda yang tergantung)
gondhangen (ts),bengkak setelah dikhitan
gondhelan (tk),berpegang
gondhok (ta),bengkak pada kelenjar di leher
gondhol (tk),bawa lari/gonggong
gondhong (ta),bengkak pada leher
gori  (ta),nangka muda
gosong (ts),hangus
gothot (ts),berotot
gotong (tk),angkat
gowang (ts),"berlubang pada tepi (gigi, pisau)"
grabah (ta),perlengkapan rumah dari tanah liat
gragal (ta),kerikil besar
gragapan (tkr),dalam keadaan belum sepenuhnya terjaga dari tidur
grahana (ta),gerhana
grana (ta),hidung
grapyak (ts),ramah
grenengan (tk),berbicara dengan suara rendah
gr�s�k (tk),mencari di antara sisa-sisa
gringgingen (ts),kesemutan
gringsing (tg),jenis kain/tenunan
griya (ta),rumah
grudhal (ta),kotoran gigi
grudug (tk),pergi/ datang dalam jumlah besar
gruwung (ts),berlubang
gudheg  (ta),masakan terbuat dari nangka muda
gudig (ta),kudis
gudir (ta),agar-agar
gugah (tk),bangunkan
gugu (tk),percaya
gugur  (tk),mati di medan perang
guling (ta),guling
gulu (ta),leher
gulung (tk),gulung
gumpil (tk),runtuh (tanah)
gumuk (ta),bukit kecil
gumyak (kr)),ramai; ceria
gundhul  (ts),tidak berambut
gundhul (ta),kepala
gurah (ta),nama tanaman
gurah (tk),membersihkan saluran pernafasan menggunakan getah tanaman gurah
gusah (tk),halau
guwa (ta),gua
guyon (tk),gurau
guyub (ts),rukun damai
gya (tkr),segera
hara (tpw),coba
hastha (tw),delapan
hayo (tpw),hayo
iba (tsb),betapa
iber� (ta),terbang
ibu (ta),ibu
ical; ical (ts),hilang
idep (ta),bulu mata
ider (tk),berjualan berkeliling
idhep-idhep (tsb),sekalian; hitung-hitung
idhi (ta),izin
idu (ta),ludah
iga (ta),tulang belikat
iguh (ta),upaya; cara
ijem; ijem (ts),hijau
ijir (tk),berhitung
ijo (ts),hijau
ijol (tk),tukar
iket (ta),ikat kepala
iki (tg),ini
iku (tg),itu
ila-ila (ta),kepercayaan; pantangan
ilat (ta),lidah
iler (ta),air liur
iler (ta),liur
ili (ta),"aliran (air, darah, dsb.)"
imbal (tsb),berselang-seling; saling
imbu (tk),peram
imbuh (tk),tambah; bonus
iming-iming (ta),hadiah yang dijanjikan
imp�n (ta),mimpi; impian
ina (ts),hina
ing (tpr),di
inger (tk),geser dengan sedikit mengubah arah
ingklik (ta),bunga singkong
ingklik (tkr),cepat-cepat berlalu; berjalan cepat
ingkung (ta),ayam panggang utuh
ingon-ingon (ta),hewan peliharaan
ingsun (tg),saya
ingu (tk),memelihara (hewan)
inuman (ta),minuman
ireng (ts),hitam
iring (tk),iring
iringan (tkr),samping
isep,hisap
isih (tkr),masih
"isin (ta, ts)",malu
isis (ts),sejuk terkena semilir angin
itil,klitoris
iwak (ta),ikan
jabang (ta),bayi
jabel (tk),cabut kembali
jabut (tk),cabut
jadah (ta),nama jajanan dari ketan
ja� (ta),jahe
jaga (tk),jaga
jagabaya (ta),petugas keamanan desa
jagad (ta),dunia
jagal (ta),tukang potong hewan ternak
jagang (ta),"penopang, standar"
jail (ts),jahil
jajah (tk),menguasai wilayah  negara lain
jajah (ts),telah bepergian ke berbagai pelosok
jajal (tk),coba
jajan (ta),makanan ringan
jaka (ts),jejaka
jala (ta),jala
jaladri (ta),lautan
jalak (ta),nama burung
jalaran (ta),penyebab
jaler; jaler (ts),laki-laki
jalma (ta),manusia
jalu (ta),taji
jaluk (tk),minta
jaman (ta),jaman
jamas  (tk),keramas
jambak (tk),tarik rambut
jamban (ta),peturasan; kamar mandi
jamb� (ta),pinang (tanaman)
jambul (ta),jambul
jamu (ta),obat tradisional jawa
jan (tpw),sungguh-sungguh
jangan (ta),sayur
jangar (ts),rasa sakit dan panas di kepala
jangga (ta),leher
janggel (ta),tongkol jagung
janggut (ta),dagu
jangka (ta),jangka; ramalan
jangkar (tk),"memanggil nama, tanpa sebutan penghormatan"
janma (ta),manusia
japa (ta),mantra
jarak (tk),cari perkara
jaran (ta),kuda
jarang (ta),air panas
jar� (tk),katanya
jarem (ts),tuam
jarik (ta),kain panjang
jarit (ta),kain panjang
jark� (tk),biarkan
jarwa (tk),"cerita, terjemah"
jatah (ta),jatah
jathilan(ta),tarian kuda kepang
jatukrama(ta),jodoh
jawa (ta),jawa
jawa (ts),bertanggung jawab; tahu kewajibannya
"jawah; jawah (tk,ta)",hujan
jawat (tk),"ganggu, godha (antara pria dan wanita)"
jawata (ta),dewa
jawi (ta),jawa
jawil (tk),senggol
jaya (ts),jaya
j�b�ng (ta),panggilan untuk bayi
jegog (tk),salak (anjing)
jegur (tk),terjun ke dalam air
jejeg (tk),tendang
jejeg (ts),tegak
jejer (ta),"adegan dalam pagelaran wayang yang menggambarkan pertemuan raja, para punggawa serta keluarga istana"
j�j�r (ts),"bersanding, bersebelahan"
jejuluk,"panggilan, sebutan"
jelih (tk),teriak
jembar (ts),luas
jembrak (ts),rambut yang gondrong dan berdiri
j�mbr�ng (tk),"buka lebar (untuk kain, kertas, dsb.)"
jembut (ta),rambut kemaluan
jembut,rambut kelamin perempuan
jempalik (tk),terguling ke arah berlawanan
jempol (ta),ibu jari
jemuwah (ta),jumat
jenang (ta),bubur halus
jenar (ts),merah; kuning emas
jenat� (ts),Almarhum
jen� (ta),kuning
jeneng (ta),nama
jenggong (tk),salak (anjing)
jengkar (tk),"pindah, meninggalkan tempat"
j�ngk�l (ta),jengkel
jengking (tk),tungging
jengkol (ta),jering
jenthik (ta),kelingking
jepit (tk),jepit
jeplak (tk),membuka dengan cepat
jeram (ta),jeruk
j�r�ng (ts),juling
jerit (tk),jerit
jero (ts),dalam
jerohan (ta),isi perut
jeruk (ta),limau
jethungan (tk),petak umpet
j�w�r (tk),ditarik telinganya
jimat (ta),jimat
jirih (ts),penakut
jiwa (ta),jiwa
jiwit (tk),cubit
jl�ntr�h (tk),jelaskan
jodho (ta),jodoh
jojoh (tk),cucuk dengan benda tajam
jomplang (ts),tidak setimbang
jorok (tk),dorong sampai jatuh
jothak (tk),seteru
juju (tk),suap langsung ke dalam paruh
jujug (tk),langsung menuju
jujul (ta),kembalian
jujur (ts),jujur
jujur (ts),lurus
julungpujut (tg),nama wuku dalam penanggalan jawa
julungwangi (tg),nama wuku dalam penanggalan jawa
jumadilakir (tg),nama bulan dalam penanggalan jawa
jumadilawal (tg),nama bulan dalam penanggalan jawa
jumantara (ta),angkasa
jumawa (ts),angkuh
jumbuh (ts),"bertemu, cocok (untuk pendapat, pemikiran)"
jumpalitan (tk),berguling-guling (koprol)
jungkat (ta),sisir
jupuk (tk),ambil
juragan (ta),majikan
juragan (ta),majikan
juw�h (ts),suka memberikan komentar tentang urusan orang lain
Kabeh,semua
Kacu,sapu tangan
Kacuk,kemaluan laki laki
Kacung,pelayan
Kademen,kedinginan
Kadingaren,tumben
Kadipaten,kadipaten
Kadohan,kejauhan
Kakehan,kebanyakan
Kambil,kelapa
Kampleng,pukul
Kampul2,mengambang
Kampung,kampung
Kana,sana
Kanca,teman/kawan
Kanda,bilang/mengatakan
Kandang,kandang
Kapok,kapok /tidak mau mengulangi
Kapuk,kapas
Kasep,terlambat
Kasur,kasur
Kathok,celana
Kawat,kawat
Kebak,penuh
Kecelek,tertipu/terlambat tidak mendapatkan apa apa
Kecik,biji
Kemaki,belagu ( laki-laki )
Kemayu,genit ( perempuan)
Kembang,bunga
Kembar,kembar
Kembung,kembung
Kemingkel,terbahak
Kemu,kumur
Kena,kena
Kenceng,banter
Kendel,berani
Kendi,kendi
Kendil,periuk nasi dari tanah
Kendo,longgar/kurang kuat/rapat
Kene,sini
Kenthir,gila
Kenthongan,kentongan
Kenthu,bersetubuh
Keplok,tepuk tangan
Kerdus,kardus
Kere,kere/gembel
Kerek,kerek
Keri,ketinggalan
Keselak,tersedak
Kethak,jitak
Kikir,kikir
Kisruh,kisruh
Kiwa,kiri
Klambi,baju kemeja
Klapa,kelapa
Klebon,kemasukan
Klebu,masuk
Klilip,kelilipan
Kluwih,nangka sayur
Kobong,terbakar
Kocak,kocak
Kodok,katak
Kolak,kolak
Konangan,ketahuan
Kondang,terkenal
Konthol,Penis
Koplok,pukul
Kopong,"tidak ada isinya, kosong"
Kosok Balen,sebaliknya
Kosokan,gosokan
Kothak,kotak
Krama,"bahasa jawa halus, kawin"
Kramas,keramas
Kramat,keramat
Kucing,kucing
Kudu,harus
Kudung,kerudung
Kulit,kulit
Kulu,tetelan
Kumat,kambuh
Kumu,kumur
Kuna,kuno
Kura,kura-kura
Kutha,kota
Kuwat,kuat
Kuwi,itu
Labuh,berlabuh
Ladrang,istilah dalam seni karawitan
Laku,perjalanan hidup/cobaan yang harus dilalui
Lalen,pelupa/gampang lupa
Laler,Lalat
Lali,lupa
Lambaran,dasar/alas
Lambe,bibir
Lamur,kabur (pandangan)
Lanang,laki-laki
Lancang,lancang
Landep,tajam
Lapangan,tanah lapangan/lapangan sepak bola
Lara,sakit
Laras,laras
Laris,laris
Latar,halaman
Lawa,kelelawar
Legi,manis
Lelakon,cerita hidup
Lelayu,berita kematian
Lemah,tanah
Lemes,lemas
Lempung,tanah liat
Lemu,gemuk
Lemut,nyamuk
Lenga,minyak
Lengen,lengan
Lenggah,duduk
Lesehan,lesehan
Lesus,angin lesus
Lima,lima
Limpung,ubi goring
Lindu,gempa bumi
Linggih,duduk
Lintang,bintang
Lintu,tukar
Lirih,pelan
Liya,lain
Liyane,yang lain
Lobok,kebesaran/kegedean
Loji,rumah besar bertingkat
Loma,murah hati/dermawan
Lombok,cabe/lombok
Londo,belanda/orang barat
Lor,utara
Loro,dua
Luber,meluap
Lugu,lucu
Lumantar,melalui sesuatu
Lumrah,wajar
Lunga,pergi
Lungguh,duduk
Lurah,lurah
Luwe,lapar
Luwih,lebih
Mabur,Terbang
Macet,Macet
Madang,Makan Nasi
Magglek,Sedap/Kaw!
Malah,Malah
Malang,Melintang
Males,Malas
Mambang,Terapung
Mambu,Bau
Mampang,Marah-marah
Mampir,Singgah
Manak,Beranak
Mancah,Menebas
Mancur,Memancut
Mandek,Berhenti
Mandhan,Agak
Mandhi,Mujarab
Mandleb,Termasuk(Leher)
Mangan,Makan
Mangap,Nganga
Manggat-Manggut,Terangguk-angguk
Mangkakkei,Sebenarnya
Mangkali,Beri Pangkal
Mantu,Menantu
Manuk,Burung
Mari,Senang/Sembuh
Maring,Pergi
Masang,Memasang
Masem,Masam
Maslup,Termasuk
Mateng,Masak
Matoh,Patuh/Ketagih
Matok,Memberi tanda ataupun jejak
Mayar,Senang
Mayit,Mayat
Mbanget,Sangat
Mbecek,Menyumbang(Wang)
Mbelayu; mlayu,Lari
mbyar (tk),berserakan
Medakie,Bedakkan
Medeng,Sedang/Muat
Medhii; memedhi,Hantu
Megar,Kembang Mekar
Mekakat,Batasan/Had
Melaku,Berjalan
Melaku,Berjalan
Melas,Kasihan
Melayu,Lari
Melebu,Masuk
Melek,Celik
Melento,Melentur
Melorot,Melorot
Melotas,Luka/Melecet
Melu,Ikut
Melukok,Loya
Men; min,Biar
Menceng,Senget/Herot
Menclok,Hinggap
Mencong,Senget/Tak Tegak
Mendak,Berikutnya
Mendek,Merendah
Mendhelik,Terbeliak
Meneh,Lagi
Menek,Panjat
Meneri,Kebetulan
Menggok,Belok
Mengko,Nanti
Mengo,menengok;Bersuara
Mengung,Bingung/Gila
Menining,Bengkak Sangat
Menjeng,Miang
Menjep,Masam Muka
Mennekhei,Agaknya
Mennyat,Bangun
Menowo,Agaknya
Mentas,Bangkit Dari Air
Mentong,Makan Kali Kedua
Mentu,Keluar
Merat,Berambus
Merayo,Merayau
Merem,Pejam
Merene,Ke Sini
Merengut,Masam Muka/Merungut
Meres,Perah
Meriang,Demam
Merie,Cemburu
Merindhing,Bulu Roma Naik
Meripat,Mata
Merono,Ke Sana
Merot,Mulut tidak sempurna
Mesem,Senyum
Meteng,Mengandung
Methang,Minum Di Warung
Meto-meto,Marah-marah
Mettottok,Cangkung(Tak Sopan)
Mettuttuk,Selonggok
Metuntung,Bengkak/Membusung
micek,Tidur (kasar)
Midun,Turun
Mili,Mengalir
Milu,Ikut
Mimpes,Kempis
Minggat,Lari Dari Rumah
Mingkem,Katup(Mulut)
Mithek,Memijak
Mitoni,Memperingati tujuh hari bayi
Miwik-miwik,Penuh Sangat (Air)
Modhar; modar;modiar,Mati
Momrot,parah
Mondok,Belajar Di Sekolah Pondok
Mowo,Bara
Mubeng,Pusing
Muganei,Sebab
Mulak-mulek,Loya
Mulane,Sebab
Mumet,Pening
Munggah,Naik
Munuh,Mengalah
Munyer,Pening
Mupu,Angkat(Anak)
Murup,Menyala
Muyang Patek,Cari Bala
Muyer,Pening
Muyi,Melihat Bayi Baru Lahir
Nabok,Tampar
Nambani,Rawat/Obati
Nandho,Menyimpan
Nandur,Tanam
Nawani,Menawarkan
Ndablek,Keras Kepala
Ndekek,Menaruh
Ndekok,Tidur
Ndhodhok,Jongkok
Ndhuwur,Atas
Ndublek,Keras Kepala
Nembei,Akhir
Nembung,Minta Izin
Nemen,Terlalu
Nesu,Marah
Ngabani,Amaran/Sapa
ngaceng,ereksi; terangsang
Ngagir,Baring
Ngajak,Mengajak
nganti/ngasi,Sampai/Beberapa
Ngarep,Depan
Ngawe;Ngawakai; ngawekani,Sapa/Tegur/Layan
Ngayap,Merayap
Ngedok,Berhenti Rehat/Cuti
Ngeduk,Menggali
Ngelak,Haus/Dahaga
Ngelakoni,Melakukan
Ngelangi,Berenang
Ngelenceir,Makan Angin
Ngeliep,Tidur Ayam
Ngembor,Melaung
Ngemut,Mengulum
Ngemut,Mengulum
Ngencis,Air Liur Basi
Ngendangi,Melihat-lihat
Ngendep,Mengendap
Ngeplak,Tampar
Ngerues,Memulas-mulas(Sakit Perut)
Ngeteri,Hantar
Nggandheng,Menggandeng
Nggenah,Nyata
Nggoroh,Bohong
Nggowo,Bawa
Ngguang,Buang
Ngguyu,Ketawa
Ngiler,Keluar Air Liur Basi
Ngisi,Isi
Ngising,Berak
Ngisor,Bawah
Ngolok-ngolok,Ungkit
Ngombe,Minum
Ngomong,Cakap
Ngompol,Kencing Malam
Ngoyak,Mengejar
Ngregelli,Cicir
Ngrewangi,Bantu/Tolong
Ngumpet,Sembunyi
Nguyuh,Kencing
Nimbrung,Masuk Campur
Njaluk,Minta
Njambal,Makan Sedikit-sedikit/Ratah
Njarak,Sengaja
Njegong,Duduk
Nombok,Tumbuk
Nompo,Terima
Nongkrong,Nongkrong
Nothok,Sekel Kepala
Nothol,Patuk
Nuroni,Tiduri
Nyadong,Menadah Tangan
Nyambut,Sambut
Nyaplok,Makan
Nyelang,Pinjam
Nyelem,Menyelam
Nyeleng,Menabung
Nyemplung,Masuk Ke Dalam Air
Nyokot,Gigit
Nyolong,Mencuri
Nyonggrok,Menjolok
Nyonyot,Hisap
Nyumbang,Menyumbang
Nyumbang,Menyumbang
Nyungir,Bibir Bengkak
obah (tk),bergerak
obok-obok (tk),aduk-aduk menggunakan tangan ( biasanya ke air )
obong (tk),bakar
obor (ta),obor
oceh (tk),cakap
ogak (ts),goyang (untuk gigi)
ombak (ta),ombak
ombe (tk),minum
omben-omben (ta),minuman
omber (ts),luas
ombyok (tw),"ikatan besar (untuk sayuran, buah- buahan, dsb.)"
omong (tk),cakap
ompol (ta),air kencing yang dikeluarkan dalam tidur
opak (ta),kerupuk dari umbi-umbian
ora (tkr),tidak
orak-arik (ta),masakan dari telur
orat-arit (tk),berantakan
osik (ta),gerak
"owah (tk, ts)",berubah
owah (ts),gila
oyok (tk),rebut
oyot (ta),akar
Padang,Terang
Pager,Pagar
Pakan,Makanan
Palang,Jangan
Palis,Selisih/Dijauhkan
Paman,Paman; pakcik
Pancah,Tebas
Pancal,Langgar
Pandes,Rata
Panggah,Tetap
Pangkon,Pangkuan
Panin,Menuai (Padi)
Pantes,Elok
Pantheng,Lihat
Pantheng,Tegang
Papak,Rata
Papat,Empat
Parani,Jemput
Paroh,Bagi Dua
Pas-passan,Cukup-cukup
Pateni,Matikan
Pathak,Kepala
Pating,Sedang
Payah,Susah
Pedes,Pedas
Pedot,Putus
Pegat,Cerai
Pegel,Geram/Marah
Pejuh,Air Mani
Peket,Pekat
Pelem,Mempelam; mangga
Peli,Penis
Pelirik'ei,Jeling
Pelo,Empedal
Pencot,Pijak
Pendak,Kali Kedua
Penggik,Ramping
Pengkor,Timpang
Penthelik'ei,Beliakkan Mata (Memarahi)
Penthil,Putik; puting
Penthol,Ketua
Penthong,Pukul
Penyak,Pijak
Penyok,Penyok
Peppek,Tumbuh Bulu (Burung)
Peppet,Rapat
Perawan,Anak Dara
Perot,Baju Panas
Peteng,Gelap
Pethil,Tanggal
Pethuk,Jumpa
Peyang,Botak
Picek,Buta
Pijo,Pijar
Pilek,Selsema
Piloni,Ikutkan
Pindo,Kali Kedua
Pirang-pirang,Banyak Sekali
Piring,Pinggan
Piro,Berapa
Pithek,Pijak
Pithes,Lenyek Dengan Kuku
Pitu,Tujuh
Plek-plek,Iras-iras
Podo,Sama
Pohtol,Tanggal/Cabut
Popok,Lampin
Poro,Para
Pothes,Patah
Poyok,Ajuk/Ejek
Preges,Gondol(Daun)
Primpen,Simpan
Pring;Pering,Buluh
Pulen,Empuk
Pumpung,Sementara
Pupu,Paha
Puput,Tanggal Tali Pusat
Puputan,Kenduri Untuk Bayi
Putu,Cucu
susu,payudara
ubaramp� (ta),perlengkapan
ucek (tk),"gosok-gosokkan (mata, cucian)"
uceng (ta),jenis ikan sungai
"ucul (tk, ts)",terlepas
udakara (tpy),"kira-kira, kurang lebih"
udal-udal (tk),membongkar
udan (ta),hujan
udani (tk),telanjangi
udel (ta),pusar
udheng (ta),ikat kepala
udi (tk),ajar; pelajari
udud (ta; tk),rokok; merokok
udun (ta),bisul
udur (tk),berdebat
uga (tkr),juga
ugal-ugalan (tkr),bertindak tanpa mengindahkan aturan
ugel-ugel (ta),pergelangan tangan
uger-uger(ta),kusen
uget-uget (ta),larva
ugi (tkr),juga
ugungan (ts),senang dipuji
uja (tk),penuhi segala keinginan
ujar (ta),perkataan
ujub (tk),laksanakan
ujur (ta),membujur
ukara (ta),kalimat
ukir (tk),ukir
ula (ta),ular
ular-ular (ta),petuah
ulem (tk),undang
uleng-ulengan,berguling-guling
uler (ta),ulat
ules (ta),warna (untuk binatang)
ulet (ts),liat
ulu (tk),telan
ulung (tk),serah
uman (tk),kebagian
umbar (tk),biarkan/ lepaskan
umbel (ta),ingus
umbul (ta),gambar
umbul (ta),mata air
umbul-umbul (ta),bendera
umek (ts),tidak bisa diam
umik-umik (tk),komat-kamit
umob (ts),didih
umpak (ta),alas tiang
umplung (ta),kaleng
umum (tk),umum
umur (ta),umur
umyek (tk),sibuk sendiri
undamana (tk),maki-maki
undang (tk),panggil
under (tkr),"pusat, inti"
undha (tk),terbangkan (untuk layang-layang)
undha-undhi (tks),"sama saja, selisih usianya sedikit"
undhuh (tk),petik/tuai
undur (tk),gerak ke belakang
undur-undur (ta),nama serangga
uni (ta),"bunyi, suara"
unjuk (tk),geser naik
unjuk (tk),minum
unta (ta),onta
untab (tk),temani saat-saat keberangkatan
untal (tk),telan semuanya
untel-untel (tk),berbuntal-buntal
unthuk (ta),busa
unting (tk),ikat segepok
untir (tk),pelintir
untu (ta),gigi
untup-untup (tk),muncul sedikit
upama (tpy),umpama
upaya (ta),upaya
ura-ura (tk),bernyanyi
urik (ts),curang
"urip (tk,ts)",hidup
usada (ta),obat
usir (tk),usir
usus (ta),usus
usus-usus (ta),tali kolor
utang (ta),hutang
uwa (tg),sebutan untuk kakak ayah/ibu
uwal (tkr),terlepas dari ikatan (untuk manusia)
uwan (ta),uban
uwang (ta),rahang bawah
uwi (ta),talas
uyuh,air seni
uyup,"hirup (untuk cairan, mis. kuah sayur)"
waca (tk),baca
wacana (ta),"wacana, diskursus"
wadal (ta),tumbal
wadanan (ta),julukan
wadas (ta),cadas
wadat (tkr),tidak menikah
wadhag (ta),jasmani
wadhah (ta),tempat
wadhang (ts),masakan kemarin (untuk nasi)
wadhuk (ta),bendungan
wadhuk (ta),perut
wadi (ta),rahasia
wadon (ts),perempuan
wadul (tk),mengadu
wag� (tg),nama pasaran
wagu (ts),janggal
waja (ta),baja
waja (ta),gigi
wajan (ta),kuali
wajik (ta),nama jajanan terbuat dari ketan
wajik (ts),jajaran genjang
walanda (tg),belanda
walandi (tg),belalang
walang (ta),belalang
wal�h (tkr),bosan
wales (tk),balas
walesan (ta),gagang pancing
wali (ta),wali
walik (ta),balik
waluh (ta),labu
waluya (ts),sehat
wana (ta),hutan
wanadri (ta),hutan rimba
wanara (ta),kera
wanci (ta),waktu
wanda (ta),badan
wanda (ta),suku kata
wand�; wand� (ta),warung
wandu (ts),banci
wangi (ts),harum
wangsit (ta),wahyu
wangun (ta),bentuk
wangwung (ta),kumbang
wani (ts),berani
wanita (ta),wanita
wanodya (ta),wanita
wanti-wanti (tk),berpesan dengan sangat
wanuh (tk),"tahu, kenal"
waos (ta),gigi
waos (tk),baca
warah (tk),tunjuk/ajar
warak (ta),badak
warangan (ta),racun (biasanya dipakai untuk melumuri keris)
waranggana (ta),penyanyi (dengan iringan gamelan)
warangka (ta),"kerangka, sarung keris"
waras (ts),sehat
wara-wara (ta),pengumuman
wareg (ts),kenyang
war�ng (tg),keturunan ke 5
warga (ta),warga
wargi; wargi (ta),warga
warih (ta),banyu
waringuten (tkr),kewalahan
waris (ta),waris
warna (ta),warna
warok (ta),"orang berilmu (daerah Madiun, Ponorogo, Tenggalek dan sekitarnya)"
warsa (ta),tahun
warta (ta),berita
warung (ta),warung
wasis (ta),pandai
waskitha (ts),waspada
waspa (ta),air mata
waspada (ts),waspada
wastani (tk),"kira, sangka; namakan, sebut"
wastra (ta),laut
watak (ta),watak
watara (tkr),kira-kira
watek (ta),watak
wates (ta),batas
waton (tkr),asal-asalan; asalkan
watu (ta),batu
wau (tg),tadi
wawacan (ta),bacaan
wawansabda (tk),bercakap-cakap
wawas (tk),"pikir, timbang"
wawasan (ta),"pikiran, pertimbangan"
wayah (ta),cucu
wayah (ta),masa/waktu
wayang (ta),wayang
wayu (ts),basi
wayuh (tk),diduakan (oleh suami)
w� (ta),air
w�dang (ta),air matang
w�dang (ta),minuman hangat
wedhak (ta),bedak
wedhar (tk),"urai, bahas"
wedhi (ta),pasir
w�dhok (ts),perempuan
wedhon (t,hantu sawah
wedi (ts),takut
wedus (ta),kambing
wegah (ts),enggan
wekas (ta),pesan
wekasan (ta),akhir
wekdal; wekdal (ta),waktu
wektu (ta),waktu
"welas (ta, tk)",rasa kasihan; merasa kasihan
wel�h (tk),balasan setimpal
weling (ta),pesan
weling (ta),ular belang
wenang (ts),"berwenang, berhak"
"wengi (tkr, tkr)",malam
wengku (tk),"memangku, menikahi (pria menikahi wanita)"
wening (ts),bening
wentis (ta),betis
werdi (ta),arti
werna (ta),"warna, jenis"
weruh (tk),"nampak, tahu"
wesi (ta),besi
w�t (ta),hukum
wetah ; wetah (ts),utuh
w�tan (tg),timur
weteng (ta),perut
weton (ta),hari kelahiran
wetu (tk),keluar
wewaler (ta),pantangan
w�w� (ta),hantu perempuan
w�w�h (tk),memberi
wewengkon (ta),"daerah kekuasaan, wilayah"
widada (ts),selamat
widadara/i (ta),bidadari laki-laki/perempuan
wigati (ts),penting
wiji (ta),biji; benih
wijik (tk),mencuci tangan
wilang (tk),hitung
wilangan (ta),bilangan
wilujeng (tkr),selamat
winarah (tk),terjadi
winengku (tk),disunting; diperistri
wing�nan� (tg),dua hari yang lalu
wingi (tg),kemarin
wingit (ts),angker
wingking; wingking (tkr),belakang
winih (ta),benih
winisuda (tk),diwisuda
wirama (ta),irama
wirang (ts),malu
wirid (ta),kata atau kalimat pujian kepada Allah yang dibaca berulang-ulang
wiridan (ta),pembacaan wirid
wiring galih (ta),hitam (ayam jago)
wiron (ta),bagian dari kain panjang yang dilipat memanjang bersusun yang akan diletakkan di bagian terluar di depan pada saat kain panjang dikenakan
wiru (tk),melipat bagian tepi kain panjang menjadi lipatan-lipatan kecil memanjang bersusun
wis (tkr),sudah
wisa (ta),"bisa, racun"
wisik (ta),"bisikan, wahyu"
wisma (ta),rumah
wisuda (tk),wisuda
wisuh (tk),basuh tangan/kaki
wit (ta),pohon
witikna (tpy),salah sendiri; mengapa pula
wiwit (tk),mulai
wond�n� (tpy),sedangkan
wong (ta),orang
wos (ta),arti
wos; wos (ta),beras
wot (ta),jembatan
wrangka (ta),sarung keris
wr� (ta),kera
wr�da (ta),yua
wucal; wucal,ajar
wuda (tkr),telanjang
wudhar (tk),terurai
wudun (ta),bisul
wukir (ta),gunung
wulang,ajar
wulu (ta),bulu
wulung (ta),elang
wulung (ts),ungu tua
wungkuk (ts),bongkok
wungu (ts),ungu
wungu: wungu (tk),bangun
wuninga (ts),tahu
wuri (tkr),belakang
wuruk (tk),tunjuk/ajar
wurung (tkr),batal
wus (tkr),sudah
wusana,"akhir, kejadian"
wuta (ts),buta
wutah (tk),tumpah
wutuh (ts),utuh
wuwuh (tk),tambah
wuwung (ta),bubungan atap
wuwus (ta),"bicara, kata-kata"
wuyung (ts),kasmaran
yaksa (ta),raksasa
yamadipati (tg),dewa kematian
yasa (tk),membuat
yatra (ta),uang
yayah (ta),ayah
yayi (tg),adik
yekti  (ts),sungguh; benar
y�n (tpy),"bila, jika"
yuswa (ta),umur
yuta (tw),juta
yuwana (ts),selamat
yuyu (ta),kepiting sungai
telo(kb),ubi
saru,tabu
turu,mengantuk
wes,udah
opo,apa
urung,belum
"awakmu, sampean, koe",kamu
uwong,orang
"lek, sak umpomo",kalo
matursuwun,terimakasih
suwi,lama
sek,masih
engko,nanti
disek,dulu
